{"loss": [0.05403110012412071, 0.04988415166735649, 0.04819405451416969, 0.04710059240460396, 0.046185486018657684, 0.04525177553296089, 0.04437125101685524, 0.043531641364097595, 0.042727161198854446, 0.04199720174074173], "val_loss": [0.051460735499858856, 0.04956871643662453, 0.048949550837278366, 0.04866983741521835, 0.04837591201066971, 0.048392802476882935, 0.04808292165398598, 0.048039112240076065, 0.04818885028362274, 0.04803985729813576], "mae": [0.18448492884635925, 0.17625769972801208, 0.17287097871303558, 0.17061592638492584, 0.16869960725307465, 0.16670778393745422, 0.16488084197044373, 0.16315382719039917, 0.16152653098106384, 0.15996544063091278], "val_mae": [0.17868541181087494, 0.17598675191402435, 0.17487038671970367, 0.17327146232128143, 0.17276744544506073, 0.17274081707000732, 0.17235267162322998, 0.17233940958976746, 0.17109936475753784, 0.17121568322181702]}